product_id,name,category,type,price,dosage,condition,requires_prescription,side_effects,expiry_date,sub_category,unit,quantity,organic,expiry_days,brand,size,color,material,gender,release_year,screen_size,memory,processor,os,camera,battery
M0085,Medicine 85,Medicines,Injection,29.175726503734722,950 mg,Heart Health,True,Headache,2025-07-21,,,,,,,,,,,,,,,,,
G0077,Vegetables Item 77,Groceries,,12.019620623979712,,,,,,Vegetables,pack,24.0,True,256.0,,,,,,,,,,,,
M0030,Medicine 30,Medicines,Syrup,78.48934966441843,751 mg,Allergy,True,Drowsiness,2025-03-14,,,,,,,,,,,,,,,,,
G0069,Meat Item 69,Groceries,,6.806628556309426,,,,,,Meat,pack,1.0,False,248.0,,,,,,,,,,,,
M0071,Medicine 71,Medicines,Injection,31.21265596615195,793 mg,Digestive Health,False,Headache,2027-01-29,,,,,,,,,,,,,,,,,
G0020,Bakery Item 20,Groceries,,47.58786267883556,,,,,,Bakery,l,500.0,True,94.0,,,,,,,,,,,,
G0102,Fruits Item 102,Groceries,,33.88170890913581,,,,,,Fruits,ml,100.0,True,192.0,,,,,,,,,,,,
M0039,Medicine 39,Medicines,Tablet,34.30448674150098,212 mg,Heart Health,False,Headache,2026-02-02,,,,,,,,,,,,,,,,,
F0036,Dresses Item 36,Fashion,,117.58142238260295,,,,,,Dresses,,,,,Levi's,L,Green,Silk,Men,,,,,,,
F0097,Dresses Item 97,Fashion,,144.0838047517781,,,,,,Dresses,,,,,H&M,XXL,Purple,Cotton,Men,,,,,,,
M0011,Medicine 11,Medicines,Tablet,46.80551441839288,578 mg,Heart Health,True,Nausea,2027-07-25,,,,,,,,,,,,,,,,,
G0051,Vegetables Item 51,Groceries,,8.217849169669547,,,,,,Vegetables,g,100.0,False,308.0,,,,,,,,,,,,
E0053,LG Headphones,Electronics,,825.0626857476802,,,,,,,,,,,LG,,,,,2023.0,,,,,,
G0080,Snacks Item 80,Groceries,,44.55548377617786,,,,,,Snacks,g,6.0,False,109.0,,,,,,,,,,,,
G0087,Meat Item 87,Groceries,,48.68082998564431,,,,,,Meat,kg,500.0,True,85.0,,,,,,,,,,,,
M0009,Medicine 9,Medicines,Tablet,5.653406410866685,460 mg,Pain Relief,True,Drowsiness,2025-04-23,,,,,,,,,,,,,,,,,
G0042,Bakery Item 42,Groceries,,35.79663615810522,,,,,,Bakery,l,100.0,False,226.0,,,,,,,,,,,,
G0059,Beverages Item 59,Groceries,,11.736756494026983,,,,,,Beverages,kg,100.0,True,274.0,,,,,,,,,,,,
G0041,Snacks Item 41,Groceries,,15.26606814147377,,,,,,Snacks,kg,100.0,False,59.0,,,,,,,,,,,,
M0026,Medicine 26,Medicines,Cream,59.76488156798662,509 mg,Cold & Flu,True,Nausea,2027-08-25,,,,,,,,,,,,,,,,,
F0057,Pants Item 57,Fashion,,242.22139785689032,,,,,,Pants,,,,,H&M,XL,Green,Leather,Men,,,,,,,
F0007,Shirts Item 7,Fashion,,230.62458061001627,,,,,,Shirts,,,,,Nike,XS,Blue,Denim,Men,,,,,,,
G0082,Bakery Item 82,Groceries,,18.85335768298337,,,,,,Bakery,kg,6.0,True,195.0,,,,,,,,,,,,
M0070,Medicine 70,Medicines,Syrup,69.26595620445742,881 mg,Heart Health,False,Headache,2026-10-07,,,,,,,,,,,,,,,,,
M0062,Medicine 62,Medicines,Syrup,39.24507798844762,954 mg,Allergy,True,None,2026-06-24,,,,,,,,,,,,,,,,,
F0107,Shirts Item 107,Fashion,,193.52863925599482,,,,,,Shirts,,,,,Levi's,M,Blue,Leather,Unisex,,,,,,,
F0027,Accessories Item 27,Fashion,,47.55154517287192,,,,,,Accessories,,,,,Under Armour,XS,White,Silk,Women,,,,,,,
F0008,Accessories Item 8,Fashion,,102.38489681713305,,,,,,Accessories,,,,,Levi's,XXL,Yellow,Cotton,Women,,,,,,,
E0116,Samsung TV,Electronics,,1478.8612801179033,,,,,,,,,,,Samsung,,,,,2022.0,65.0,,,,,
E0055,Apple Tablet,Electronics,,179.84688282567006,,,,,,,,,,,Apple,,,,,2023.0,55.0,64.0,Intel i5,Android,24.0,4946.0
F0021,Pants Item 21,Fashion,,153.26772410197464,,,,,,Pants,,,,,Under Armour,M,Blue,Cotton,Men,,,,,,,
F0112,Pants Item 112,Fashion,,474.7664421769154,,,,,,Pants,,,,,Adidas,XXL,Green,Polyester,Unisex,,,,,,,
E0097,Apple TV,Electronics,,292.393837768802,,,,,,,,,,,Apple,,,,,2022.0,32.0,,,,,
G0093,Beverages Item 93,Groceries,,27.581079169670147,,,,,,Beverages,pack,1000.0,True,272.0,,,,,,,,,,,,
F0103,Shirts Item 103,Fashion,,452.6160270440982,,,,,,Shirts,,,,,Levi's,XL,Red,Cotton,Men,,,,,,,
F0006,Shirts Item 6,Fashion,,209.9943285246821,,,,,,Shirts,,,,,Gucci,XS,White,Denim,Unisex,,,,,,,
G0104,Bakery Item 104,Groceries,,1.787031384069301,,,,,,Bakery,g,12.0,False,78.0,,,,,,,,,,,,
E0022,Canon Camera,Electronics,,742.699900131462,,,,,,,,,,,Canon,,,,,2020.0,,,,,12.0,
M0106,Medicine 106,Medicines,Cream,46.99317498845674,244 mg,Fever,False,Nausea,2025-06-17,,,,,,,,,,,,,,,,,
G0015,Fruits Item 15,Groceries,,43.46085110570526,,,,,,Fruits,l,24.0,False,338.0,,,,,,,,,,,,
F0121,Dresses Item 121,Fashion,,202.12585268324062,,,,,,Dresses,,,,,Adidas,M,Purple,Leather,Unisex,,,,,,,
F0012,Shirts Item 12,Fashion,,353.42514157210167,,,,,,Shirts,,,,,Adidas,XL,Purple,Cotton,Men,,,,,,,
M0012,Medicine 12,Medicines,Injection,83.9401712502315,726 mg,Digestive Health,False,Nausea,2027-04-15,,,,,,,,,,,,,,,,,
F0005,Dresses Item 5,Fashion,,109.28999072631815,,,,,,Dresses,,,,,Gucci,XXL,Black,Polyester,Women,,,,,,,
M0077,Medicine 77,Medicines,Injection,20.760597315224693,871 mg,Digestive Health,False,Nausea,2026-09-17,,,,,,,,,,,,,,,,,
E0086,Samsung Camera,Electronics,,363.8555201533823,,,,,,,,,,,Samsung,,,,,2018.0,,,,,12.0,
M0086,Medicine 86,Medicines,Injection,58.74577030826248,201 mg,Digestive Health,False,Headache,2027-02-27,,,,,,,,,,,,,,,,,
M0100,Medicine 100,Medicines,Syrup,94.44980100972371,421 mg,Heart Health,True,Nausea,2026-07-06,,,,,,,,,,,,,,,,,
G0092,Fruits Item 92,Groceries,,49.97765201723562,,,,,,Fruits,l,24.0,True,16.0,,,,,,,,,,,,
G0073,Fruits Item 73,Groceries,,49.62967217936417,,,,,,Fruits,g,100.0,False,181.0,,,,,,,,,,,,
F0082,Shirts Item 82,Fashion,,94.00274658816593,,,,,,Shirts,,,,,Under Armour,L,Yellow,Denim,Women,,,,,,,
M0060,Medicine 60,Medicines,Tablet,26.84940662650785,915 mg,Heart Health,False,Headache,2026-01-27,,,,,,,,,,,,,,,,,
G0067,Vegetables Item 67,Groceries,,9.716518078402148,,,,,,Vegetables,ml,500.0,False,91.0,,,,,,,,,,,,
F0116,Accessories Item 116,Fashion,,326.83421753484436,,,,,,Accessories,,,,,Under Armour,M,Black,Cotton,Women,,,,,,,
M0024,Medicine 24,Medicines,Syrup,38.32781538682648,8 mg,Heart Health,True,Drowsiness,2026-07-07,,,,,,,,,,,,,,,,,
F0079,Dresses Item 79,Fashion,,319.5053223906169,,,,,,Dresses,,,,,Gucci,XS,Green,Cotton,Men,,,,,,,
M0082,Medicine 82,Medicines,Cream,37.55943791565118,800 mg,Diabetes,False,None,2026-03-22,,,,,,,,,,,,,,,,,
M0078,Medicine 78,Medicines,Capsule,43.62610104914987,454 mg,Allergy,True,Drowsiness,2025-06-06,,,,,,,,,,,,,,,,,
E0124,Microsoft Gaming Console,Electronics,,1473.984024282796,,,,,,,,,,,Microsoft,,,,,2023.0,,,,,,
E0057,Sony Smartphone,Electronics,,1758.232295175643,,,,,,,,,,,Sony,,,,,2023.0,32.0,1024.0,Snapdragon 888,macOS,12.0,2285.0
F0049,Dresses Item 49,Fashion,,167.36945479161722,,,,,,Dresses,,,,,Adidas,M,Green,Leather,Unisex,,,,,,,
E0107,Samsung Laptop,Electronics,,592.7363049024794,,,,,,,,,,,Samsung,,,,,2020.0,55.0,64.0,Snapdragon 888,Android,,2382.0
M0003,Medicine 3,Medicines,Syrup,34.6285463975539,355 mg,Heart Health,False,Nausea,2027-01-17,,,,,,,,,,,,,,,,,
E0108,Dell Tablet,Electronics,,1936.193033146174,,,,,,,,,,,Dell,,,,,2021.0,6.7,64.0,Intel i7,Windows,64.0,4530.0
G0031,Bakery Item 31,Groceries,,34.714177747964676,,,,,,Bakery,pack,100.0,True,102.0,,,,,,,,,,,,
M0123,Medicine 123,Medicines,Injection,6.361436057365119,433 mg,Pain Relief,False,Drowsiness,2026-01-02,,,,,,,,,,,,,,,,,
M0102,Medicine 102,Medicines,Capsule,44.16657414400823,438 mg,Pain Relief,True,Headache,2026-11-29,,,,,,,,,,,,,,,,,
E0032,LG Tablet,Electronics,,1086.8331330574808,,,,,,,,,,,LG,,,,,2022.0,15.6,512.0,Intel i7,Android,24.0,4727.0
F0017,Dresses Item 17,Fashion,,191.84533983076264,,,,,,Dresses,,,,,Levi's,XS,White,Leather,Men,,,,,,,
F0108,Shoes Item 108,Fashion,,367.4372472175152,,,,,,Shoes,,,,,Nike,XL,Purple,Silk,Women,,,,,,,
G0040,Bakery Item 40,Groceries,,2.156153267630927,,,,,,Bakery,l,12.0,False,225.0,,,,,,,,,,,,
G0118,Snacks Item 118,Groceries,,39.47817176428474,,,,,,Snacks,l,100.0,False,29.0,,,,,,,,,,,,
G0109,Vegetables Item 109,Groceries,,8.706387200806052,,,,,,Vegetables,kg,24.0,False,151.0,,,,,,,,,,,,
M0113,Medicine 113,Medicines,Injection,63.36800070597577,551 mg,Heart Health,False,Nausea,2026-05-08,,,,,,,,,,,,,,,,,
G0037,Dairy Item 37,Groceries,,6.890154226908236,,,,,,Dairy,kg,250.0,True,224.0,,,,,,,,,,,,
G0049,Bakery Item 49,Groceries,,13.73534398289881,,,,,,Bakery,l,1.0,True,52.0,,,,,,,,,,,,
M0089,Medicine 89,Medicines,Syrup,89.67522960422838,963 mg,Pain Relief,True,Nausea,2025-03-21,,,,,,,,,,,,,,,,,
F0041,Pants Item 41,Fashion,,476.2065940755837,,,,,,Pants,,,,,Nike,XS,Red,Cotton,Unisex,,,,,,,
G0106,Dairy Item 106,Groceries,,41.039278958763674,,,,,,Dairy,pack,1.0,True,168.0,,,,,,,,,,,,
G0125,Snacks Item 125,Groceries,,15.567248725059347,,,,,,Snacks,ml,250.0,False,108.0,,,,,,,,,,,,
G0013,Fruits Item 13,Groceries,,23.881431998216925,,,,,,Fruits,g,250.0,True,320.0,,,,,,,,,,,,
M0044,Medicine 44,Medicines,Cream,34.185559617020736,256 mg,Diabetes,False,Headache,2025-11-15,,,,,,,,,,,,,,,,,
M0008,Medicine 8,Medicines,Capsule,21.833287596063155,152 mg,Digestive Health,True,Headache,2026-02-19,,,,,,,,,,,,,,,,,
F0035,Shoes Item 35,Fashion,,118.95703932660344,,,,,,Shoes,,,,,Zara,XS,Blue,Denim,Unisex,,,,,,,
E0024,LG Camera,Electronics,,894.1808743539202,,,,,,,,,,,LG,,,,,2018.0,,,,,108.0,
M0067,Medicine 67,Medicines,Capsule,54.742051979498115,908 mg,Diabetes,True,Headache,2027-08-01,,,,,,,,,,,,,,,,,
G0076,Dairy Item 76,Groceries,,2.9075682029577052,,,,,,Dairy,kg,6.0,True,278.0,,,,,,,,,,,,
E0061,Sony Headphones,Electronics,,608.7756834278349,,,,,,,,,,,Sony,,,,,2023.0,,,,,,
G0115,Fruits Item 115,Groceries,,22.20557710036387,,,,,,Fruits,g,12.0,False,197.0,,,,,,,,,,,,
G0047,Fruits Item 47,Groceries,,42.512527512645505,,,,,,Fruits,g,12.0,True,339.0,,,,,,,,,,,,
G0079,Bakery Item 79,Groceries,,44.73535314683725,,,,,,Bakery,g,100.0,False,132.0,,,,,,,,,,,,
E0047,Sony Gaming Console,Electronics,,159.1196398429796,,,,,,,,,,,Sony,,,,,2022.0,,,,,,
G0103,Fruits Item 103,Groceries,,19.64536778362483,,,,,,Fruits,kg,500.0,False,32.0,,,,,,,,,,,,
E0096,Sony Tablet,Electronics,,148.35074382092668,,,,,,,,,,,Sony,,,,,2021.0,6.1,512.0,Intel i5,Windows,24.0,2125.0
F0054,Dresses Item 54,Fashion,,111.54872688675037,,,,,,Dresses,,,,,Gucci,L,White,Leather,Unisex,,,,,,,
F0022,Shoes Item 22,Fashion,,256.2893088887639,,,,,,Shoes,,,,,Levi's,XL,Green,Denim,Unisex,,,,,,,
M0020,Medicine 20,Medicines,Syrup,76.07527850683013,960 mg,Digestive Health,True,Headache,2026-07-11,,,,,,,,,,,,,,,,,
F0031,Shirts Item 31,Fashion,,309.16790995755804,,,,,,Shirts,,,,,Under Armour,XL,Purple,Silk,Unisex,,,,,,,
G0094,Dairy Item 94,Groceries,,35.75672059515787,,,,,,Dairy,g,12.0,False,255.0,,,,,,,,,,,,
E0123,Dell Smartphone,Electronics,,110.76504760617782,,,,,,,,,,,Dell,,,,,2022.0,43.0,64.0,Intel i7,Windows,16.0,4750.0
F0102,Dresses Item 102,Fashion,,187.08785174292132,,,,,,Dresses,,,,,H&M,M,Blue,Denim,Unisex,,,,,,,
E0033,Apple Laptop,Electronics,,151.61810032856366,,,,,,,,,,,Apple,,,,,2018.0,32.0,256.0,Intel i7,iOS,,3577.0
G0036,Bakery Item 36,Groceries,,42.99934843295783,,,,,,Bakery,g,250.0,True,170.0,,,,,,,,,,,,
G0014,Meat Item 14,Groceries,,5.992727015234663,,,,,,Meat,ml,1.0,True,147.0,,,,,,,,,,,,
E0041,LG Laptop,Electronics,,1994.4484984551573,,,,,,,,,,,LG,,,,,2019.0,65.0,256.0,Snapdragon 888,iOS,,4178.0
E0087,Sony Gaming Console,Electronics,,1475.5488053855781,,,,,,,,,,,Sony,,,,,2020.0,,,,,,
E0044,Dell Smartphone,Electronics,,583.2117642388018,,,,,,,,,,,Dell,,,,,2023.0,6.7,512.0,Intel i7,Android,16.0,4203.0
M0058,Medicine 58,Medicines,Capsule,10.384641055754363,868 mg,Heart Health,True,Nausea,2024-12-16,,,,,,,,,,,,,,,,,
M0069,Medicine 69,Medicines,Capsule,32.343973390902555,818 mg,Cold & Flu,True,Headache,2024-11-24,,,,,,,,,,,,,,,,,
G0038,Meat Item 38,Groceries,,38.88395182201491,,,,,,Meat,kg,6.0,True,244.0,,,,,,,,,,,,
E0091,Samsung Headphones,Electronics,,867.4059419232351,,,,,,,,,,,Samsung,,,,,2022.0,,,,,,
E0125,Lenovo Tablet,Electronics,,681.6609476712271,,,,,,,,,,,Lenovo,,,,,2020.0,6.1,1024.0,Snapdragon 888,Windows,24.0,2357.0
E0027,Lenovo Gaming Console,Electronics,,1142.7934477681115,,,,,,,,,,,Lenovo,,,,,2019.0,,,,,,
G0034,Dairy Item 34,Groceries,,48.21146280349183,,,,,,Dairy,kg,24.0,False,230.0,,,,,,,,,,,,
E0104,LG Camera,Electronics,,158.78152498954975,,,,,,,,,,,LG,,,,,2023.0,,,,,48.0,
F0067,Dresses Item 67,Fashion,,292.5841754403006,,,,,,Dresses,,,,,Nike,XXL,Green,Denim,Unisex,,,,,,,
E0003,Canon Headphones,Electronics,,1385.2890807300882,,,,,,,,,,,Canon,,,,,2019.0,,,,,,
F0104,Dresses Item 104,Fashion,,293.86408866434954,,,,,,Dresses,,,,,Gucci,S,Yellow,Denim,Unisex,,,,,,,
M0027,Medicine 27,Medicines,Syrup,6.591848926776329,709 mg,Heart Health,False,Headache,2024-12-08,,,,,,,,,,,,,,,,,
G0060,Dairy Item 60,Groceries,,49.07771400135243,,,,,,Dairy,g,24.0,False,285.0,,,,,,,,,,,,
G0088,Meat Item 88,Groceries,,12.290416443750145,,,,,,Meat,ml,12.0,False,303.0,,,,,,,,,,,,
G0007,Fruits Item 7,Groceries,,29.70737463422244,,,,,,Fruits,g,1000.0,False,52.0,,,,,,,,,,,,
E0063,Microsoft Smartphone,Electronics,,1371.480499582349,,,,,,,,,,,Microsoft,,,,,2018.0,6.1,64.0,Snapdragon 888,Windows,48.0,4485.0
G0024,Bakery Item 24,Groceries,,3.5653959891861478,,,,,,Bakery,kg,1.0,True,210.0,,,,,,,,,,,,
F0040,Pants Item 40,Fashion,,111.06353577971478,,,,,,Pants,,,,,Nike,XL,Blue,Cotton,Unisex,,,,,,,
G0114,Meat Item 114,Groceries,,44.0212403522569,,,,,,Meat,kg,100.0,False,59.0,,,,,,,,,,,,
G0105,Vegetables Item 105,Groceries,,48.5425983765768,,,,,,Vegetables,kg,100.0,True,216.0,,,,,,,,,,,,
E0071,LG Camera,Electronics,,493.2858990330109,,,,,,,,,,,LG,,,,,2022.0,,,,,64.0,
G0008,Bakery Item 8,Groceries,,12.85465233546095,,,,,,Bakery,g,24.0,False,53.0,,,,,,,,,,,,
F0068,Accessories Item 68,Fashion,,402.6605160181662,,,,,,Accessories,,,,,Under Armour,XL,Blue,Leather,Men,,,,,,,
G0090,Fruits Item 90,Groceries,,38.19437802366041,,,,,,Fruits,pack,6.0,False,30.0,,,,,,,,,,,,
G0098,Fruits Item 98,Groceries,,19.094757740561512,,,,,,Fruits,l,1.0,True,88.0,,,,,,,,,,,,
M0001,Medicine 1,Medicines,Injection,85.57037732648486,119 mg,Digestive Health,True,Nausea,2025-05-08,,,,,,,,,,,,,,,,,
M0010,Medicine 10,Medicines,Capsule,90.07847057252468,471 mg,Allergy,True,Drowsiness,2025-11-15,,,,,,,,,,,,,,,,,
E0054,Sony TV,Electronics,,1955.9206241702527,,,,,,,,,,,Sony,,,,,2023.0,65.0,,,,,
M0005,Medicine 5,Medicines,Capsule,93.21990340096244,492 mg,Cold & Flu,True,Drowsiness,2025-05-15,,,,,,,,,,,,,,,,,
F0070,Shoes Item 70,Fashion,,186.6091452993282,,,,,,Shoes,,,,,Zara,M,Yellow,Leather,Women,,,,,,,
E0078,Sony Headphones,Electronics,,956.1343360679546,,,,,,,,,,,Sony,,,,,2023.0,,,,,,
G0081,Meat Item 81,Groceries,,15.489039028038606,,,,,,Meat,kg,1000.0,True,46.0,,,,,,,,,,,,
G0006,Dairy Item 6,Groceries,,21.389949975483525,,,,,,Dairy,pack,1.0,False,31.0,,,,,,,,,,,,
M0018,Medicine 18,Medicines,Syrup,98.15398157076874,861 mg,Digestive Health,True,Headache,2025-11-07,,,,,,,,,,,,,,,,,
F0064,Shoes Item 64,Fashion,,83.79797057695426,,,,,,Shoes,,,,,H&M,XS,White,Silk,Men,,,,,,,
F0092,Accessories Item 92,Fashion,,91.35069358500178,,,,,,Accessories,,,,,Levi's,L,Purple,Leather,Women,,,,,,,
F0115,Accessories Item 115,Fashion,,415.500995614283,,,,,,Accessories,,,,,Levi's,XL,Green,Silk,Women,,,,,,,
M0042,Medicine 42,Medicines,Syrup,48.16829967559552,515 mg,Pain Relief,False,Drowsiness,2025-06-25,,,,,,,,,,,,,,,,,
F0043,Shoes Item 43,Fashion,,368.34509465461514,,,,,,Shoes,,,,,Nike,XS,Red,Silk,Men,,,,,,,
E0081,Bose Camera,Electronics,,1912.662942411577,,,,,,,,,,,Bose,,,,,2022.0,,,,,12.0,
G0056,Bakery Item 56,Groceries,,7.712954089629897,,,,,,Bakery,kg,12.0,True,50.0,,,,,,,,,,,,
E0029,Dell Camera,Electronics,,1896.8264793005364,,,,,,,,,,,Dell,,,,,2018.0,,,,,16.0,
F0026,Shirts Item 26,Fashion,,463.0349171346344,,,,,,Shirts,,,,,H&M,M,Blue,Cotton,Men,,,,,,,
F0062,Pants Item 62,Fashion,,117.17065036898438,,,,,,Pants,,,,,Levi's,L,Purple,Polyester,Unisex,,,,,,,
M0080,Medicine 80,Medicines,Syrup,29.095377773833636,877 mg,Cold & Flu,False,Drowsiness,2026-09-04,,,,,,,,,,,,,,,,,
M0041,Medicine 41,Medicines,Tablet,25.034191629674872,416 mg,Heart Health,False,Headache,2025-04-11,,,,,,,,,,,,,,,,,
G0071,Meat Item 71,Groceries,,32.136738637316604,,,,,,Meat,kg,24.0,True,94.0,,,,,,,,,,,,
E0036,Dell Tablet,Electronics,,1305.7065933455772,,,,,,,,,,,Dell,,,,,2018.0,32.0,128.0,M1,macOS,48.0,4433.0
M0091,Medicine 91,Medicines,Tablet,65.07764436422332,675 mg,Digestive Health,True,Drowsiness,2025-06-12,,,,,,,,,,,,,,,,,
F0020,Pants Item 20,Fashion,,272.1624972534771,,,,,,Pants,,,,,H&M,M,White,Denim,Women,,,,,,,
M0088,Medicine 88,Medicines,Syrup,83.82367230055432,566 mg,Cold & Flu,True,Drowsiness,2026-04-24,,,,,,,,,,,,,,,,,
G0044,Bakery Item 44,Groceries,,49.52023578579345,,,,,,Bakery,g,500.0,True,312.0,,,,,,,,,,,,
E0017,LG TV,Electronics,,1277.4289363788898,,,,,,,,,,,LG,,,,,2020.0,43.0,,,,,
F0048,Pants Item 48,Fashion,,261.5504230102086,,,,,,Pants,,,,,Adidas,XXL,Purple,Denim,Men,,,,,,,
E0083,Samsung Laptop,Electronics,,317.5265123252197,,,,,,,,,,,Samsung,,,,,2023.0,5.5,512.0,M1,iOS,,3774.0
F0113,Dresses Item 113,Fashion,,239.35383657480216,,,,,,Dresses,,,,,Gucci,XS,Black,Cotton,Men,,,,,,,
E0072,Apple Headphones,Electronics,,114.56166203352812,,,,,,,,,,,Apple,,,,,2023.0,,,,,,
F0122,Shirts Item 122,Fashion,,126.09732920425783,,,,,,Shirts,,,,,Nike,XL,White,Silk,Unisex,,,,,,,
M0083,Medicine 83,Medicines,Injection,66.72986444260846,109 mg,Cold & Flu,False,Headache,2026-12-20,,,,,,,,,,,,,,,,,
E0049,Bose Gaming Console,Electronics,,246.4482227077753,,,,,,,,,,,Bose,,,,,2020.0,,,,,,
M0038,Medicine 38,Medicines,Cream,91.93076958913613,288 mg,Fever,False,Drowsiness,2026-07-13,,,,,,,,,,,,,,,,,
E0007,Bose Smartphone,Electronics,,548.1294383730054,,,,,,,,,,,Bose,,,,,2021.0,5.5,256.0,Intel i7,Windows,24.0,3019.0
E0100,LG Camera,Electronics,,288.6741852320166,,,,,,,,,,,LG,,,,,2023.0,,,,,108.0,
M0094,Medicine 94,Medicines,Cream,80.6683093737523,43 mg,Cold & Flu,False,Drowsiness,2027-03-20,,,,,,,,,,,,,,,,,
M0015,Medicine 15,Medicines,Injection,60.23462503029195,661 mg,Allergy,True,Nausea,2025-05-23,,,,,,,,,,,,,,,,,
F0042,Shirts Item 42,Fashion,,242.38496027870727,,,,,,Shirts,,,,,Zara,XL,White,Leather,Women,,,,,,,
F0015,Dresses Item 15,Fashion,,192.37819199435742,,,,,,Dresses,,,,,Adidas,S,Blue,Leather,Unisex,,,,,,,
M0047,Medicine 47,Medicines,Syrup,7.252236596229246,405 mg,Heart Health,True,Nausea,2027-04-25,,,,,,,,,,,,,,,,,
G0110,Vegetables Item 110,Groceries,,25.574257612506955,,,,,,Vegetables,l,1000.0,True,206.0,,,,,,,,,,,,
G0003,Snacks Item 3,Groceries,,43.30663757599309,,,,,,Snacks,ml,12.0,False,215.0,,,,,,,,,,,,
G0019,Snacks Item 19,Groceries,,35.939256481081614,,,,,,Snacks,pack,100.0,True,24.0,,,,,,,,,,,,
E0062,Dell Laptop,Electronics,,1090.74680918282,,,,,,,,,,,Dell,,,,,2022.0,10.9,1024.0,Intel i5,macOS,,4044.0
F0075,Shirts Item 75,Fashion,,289.04739724440435,,,,,,Shirts,,,,,H&M,M,Yellow,Polyester,Unisex,,,,,,,
F0038,Accessories Item 38,Fashion,,170.5005609382649,,,,,,Accessories,,,,,Adidas,XL,Yellow,Cotton,Women,,,,,,,
E0059,Microsoft Headphones,Electronics,,191.47138835887156,,,,,,,,,,,Microsoft,,,,,2021.0,,,,,,
F0001,Dresses Item 1,Fashion,,55.12667408412215,,,,,,Dresses,,,,,H&M,S,Yellow,Silk,Women,,,,,,,
E0084,Canon Tablet,Electronics,,1527.2382908359943,,,,,,,,,,,Canon,,,,,2018.0,55.0,256.0,A14,Windows,16.0,2958.0
M0034,Medicine 34,Medicines,Capsule,57.91884876112834,758 mg,Diabetes,True,Drowsiness,2027-07-02,,,,,,,,,,,,,,,,,
M0046,Medicine 46,Medicines,Tablet,9.977173081511816,355 mg,Allergy,False,Drowsiness,2025-02-19,,,,,,,,,,,,,,,,,
E0082,Bose TV,Electronics,,1463.3870369900294,,,,,,,,,,,Bose,,,,,2018.0,10.9,,,,,
F0072,Shoes Item 72,Fashion,,420.18861763701955,,,,,,Shoes,,,,,Under Armour,M,Blue,Leather,Unisex,,,,,,,
G0061,Dairy Item 61,Groceries,,47.24137804819082,,,,,,Dairy,pack,12.0,True,245.0,,,,,,,,,,,,
F0023,Shirts Item 23,Fashion,,359.3504038508148,,,,,,Shirts,,,,,Under Armour,XXL,Blue,Cotton,Men,,,,,,,
E0119,Dell TV,Electronics,,1069.8217291080412,,,,,,,,,,,Dell,,,,,2023.0,27.0,,,,,
E0106,Lenovo Camera,Electronics,,569.1241106684126,,,,,,,,,,,Lenovo,,,,,2020.0,,,,,24.0,
G0085,Bakery Item 85,Groceries,,2.8409834295464615,,,,,,Bakery,pack,250.0,True,318.0,,,,,,,,,,,,
F0024,Accessories Item 24,Fashion,,44.541053365140876,,,,,,Accessories,,,,,Gucci,S,Black,Silk,Women,,,,,,,
G0117,Meat Item 117,Groceries,,33.90247828469314,,,,,,Meat,ml,500.0,True,14.0,,,,,,,,,,,,
M0014,Medicine 14,Medicines,Cream,60.44247851576947,890 mg,Digestive Health,False,None,2026-02-26,,,,,,,,,,,,,,,,,
F0100,Pants Item 100,Fashion,,32.031106379860056,,,,,,Pants,,,,,Under Armour,XL,Red,Cotton,Women,,,,,,,
G0058,Dairy Item 58,Groceries,,49.7461454043316,,,,,,Dairy,ml,1000.0,True,90.0,,,,,,,,,,,,
G0123,Fruits Item 123,Groceries,,14.15815404731276,,,,,,Fruits,l,24.0,False,74.0,,,,,,,,,,,,
G0053,Snacks Item 53,Groceries,,47.504488619427356,,,,,,Snacks,pack,250.0,True,294.0,,,,,,,,,,,,
E0031,Sony Laptop,Electronics,,198.71749735311,,,,,,,,,,,Sony,,,,,2018.0,27.0,1024.0,Intel i7,Android,,4430.0
E0089,Apple Laptop,Electronics,,1420.2765099843225,,,,,,,,,,,Apple,,,,,2021.0,6.7,256.0,A14,Windows,,3998.0
M0037,Medicine 37,Medicines,Cream,5.76561481750138,952 mg,Fever,True,Nausea,2027-09-06,,,,,,,,,,,,,,,,,
M0055,Medicine 55,Medicines,Cream,87.7102187409316,381 mg,Digestive Health,True,Nausea,2025-06-28,,,,,,,,,,,,,,,,,
G0032,Vegetables Item 32,Groceries,,7.094051551025001,,,,,,Vegetables,kg,6.0,True,111.0,,,,,,,,,,,,
F0109,Shoes Item 109,Fashion,,22.36629946564946,,,,,,Shoes,,,,,Nike,XXL,White,Polyester,Unisex,,,,,,,
F0096,Dresses Item 96,Fashion,,312.4372148801714,,,,,,Dresses,,,,,H&M,XXL,White,Polyester,Women,,,,,,,
F0091,Shoes Item 91,Fashion,,141.59546205228486,,,,,,Shoes,,,,,Adidas,S,Black,Silk,Unisex,,,,,,,
E0040,Bose Camera,Electronics,,332.62440688198797,,,,,,,,,,,Bose,,,,,2023.0,,,,,64.0,
F0085,Shoes Item 85,Fashion,,35.47478246907667,,,,,,Shoes,,,,,Zara,XL,Blue,Cotton,Unisex,,,,,,,
E0023,Microsoft Camera,Electronics,,447.7293440459816,,,,,,,,,,,Microsoft,,,,,2018.0,,,,,16.0,
E0060,Canon Tablet,Electronics,,1766.7973493697411,,,,,,,,,,,Canon,,,,,2022.0,15.6,64.0,Snapdragon 888,Android,12.0,4479.0
M0054,Medicine 54,Medicines,Cream,64.51341686930807,613 mg,Heart Health,True,Drowsiness,2027-07-10,,,,,,,,,,,,,,,,,
G0005,Fruits Item 5,Groceries,,32.383326066616355,,,,,,Fruits,kg,100.0,True,21.0,,,,,,,,,,,,
G0074,Dairy Item 74,Groceries,,33.17492261168593,,,,,,Dairy,g,6.0,True,58.0,,,,,,,,,,,,
F0002,Dresses Item 2,Fashion,,132.9375923886402,,,,,,Dresses,,,,,Levi's,S,Red,Cotton,Women,,,,,,,
E0073,LG TV,Electronics,,305.2489328483136,,,,,,,,,,,LG,,,,,2019.0,27.0,,,,,
M0016,Medicine 16,Medicines,Syrup,44.031423724847166,138 mg,Pain Relief,False,Drowsiness,2026-03-30,,,,,,,,,,,,,,,,,
M0075,Medicine 75,Medicines,Injection,78.85826938232663,435 mg,Allergy,False,Drowsiness,2027-05-24,,,,,,,,,,,,,,,,,
M0079,Medicine 79,Medicines,Cream,90.52509056419669,729 mg,Pain Relief,True,Headache,2025-09-02,,,,,,,,,,,,,,,,,
G0099,Vegetables Item 99,Groceries,,40.37238731331178,,,,,,Vegetables,l,500.0,True,167.0,,,,,,,,,,,,
E0120,Lenovo Laptop,Electronics,,1406.6718806180652,,,,,,,,,,,Lenovo,,,,,2020.0,6.7,128.0,M1,macOS,,2125.0
G0039,Fruits Item 39,Groceries,,1.0663276600579397,,,,,,Fruits,ml,12.0,True,135.0,,,,,,,,,,,,
M0063,Medicine 63,Medicines,Capsule,47.23018403976516,607 mg,Diabetes,False,None,2026-03-05,,,,,,,,,,,,,,,,,
M0040,Medicine 40,Medicines,Syrup,83.7063727200479,811 mg,Pain Relief,False,None,2027-03-11,,,,,,,,,,,,,,,,,
F0004,Dresses Item 4,Fashion,,230.0515250553639,,,,,,Dresses,,,,,Adidas,XL,Purple,Leather,Women,,,,,,,
E0011,Dell TV,Electronics,,206.658596490799,,,,,,,,,,,Dell,,,,,2020.0,55.0,,,,,
F0061,Dresses Item 61,Fashion,,376.63408735262897,,,,,,Dresses,,,,,Levi's,XL,Red,Silk,Men,,,,,,,
G0097,Dairy Item 97,Groceries,,28.44449317472638,,,,,,Dairy,pack,1.0,True,191.0,,,,,,,,,,,,
F0011,Dresses Item 11,Fashion,,498.16852039718964,,,,,,Dresses,,,,,Adidas,L,Red,Leather,Men,,,,,,,
M0084,Medicine 84,Medicines,Syrup,33.3843727501539,43 mg,Pain Relief,True,Headache,2027-01-06,,,,,,,,,,,,,,,,,
F0013,Shoes Item 13,Fashion,,24.45698702115091,,,,,,Shoes,,,,,Under Armour,XS,Red,Silk,Unisex,,,,,,,
M0117,Medicine 117,Medicines,Capsule,81.91912844525949,630 mg,Heart Health,True,Nausea,2025-12-22,,,,,,,,,,,,,,,,,
M0115,Medicine 115,Medicines,Cream,16.812854935932684,442 mg,Fever,True,Nausea,2025-12-07,,,,,,,,,,,,,,,,,
E0105,Dell Camera,Electronics,,1007.9690512422607,,,,,,,,,,,Dell,,,,,2022.0,,,,,16.0,
E0095,Canon Smartphone,Electronics,,811.6504853382305,,,,,,,,,,,Canon,,,,,2021.0,13.3,512.0,Snapdragon 888,macOS,12.0,4606.0
G0064,Fruits Item 64,Groceries,,48.04822145170853,,,,,,Fruits,l,6.0,False,93.0,,,,,,,,,,,,
E0074,Dell Camera,Electronics,,1186.8924224016716,,,,,,,,,,,Dell,,,,,2023.0,,,,,16.0,
F0010,Shirts Item 10,Fashion,,432.0466166493945,,,,,,Shirts,,,,,H&M,L,White,Leather,Men,,,,,,,
F0080,Pants Item 80,Fashion,,86.54121865644477,,,,,,Pants,,,,,Levi's,L,Red,Denim,Women,,,,,,,
F0014,Pants Item 14,Fashion,,234.88085313244196,,,,,,Pants,,,,,Zara,M,Yellow,Polyester,Men,,,,,,,
E0013,Dell Smartphone,Electronics,,970.555084801996,,,,,,,,,,,Dell,,,,,2022.0,10.9,128.0,Intel i7,Android,16.0,4978.0
E0093,Samsung Headphones,Electronics,,830.0552782610246,,,,,,,,,,,Samsung,,,,,2020.0,,,,,,
E0002,Apple Tablet,Electronics,,1217.584307201942,,,,,,,,,,,Apple,,,,,2021.0,6.7,1024.0,M1,Windows,48.0,4947.0
M0023,Medicine 23,Medicines,Tablet,29.021521233760563,191 mg,Fever,False,Headache,2024-12-04,,,,,,,,,,,,,,,,,
F0045,Dresses Item 45,Fashion,,208.23864163796853,,,,,,Dresses,,,,,Adidas,M,Green,Silk,Women,,,,,,,
E0079,Apple Camera,Electronics,,840.7574705889338,,,,,,,,,,,Apple,,,,,2020.0,,,,,48.0,
E0020,Canon Tablet,Electronics,,1164.3195485774997,,,,,,,,,,,Canon,,,,,2022.0,55.0,128.0,Intel i7,macOS,108.0,3336.0
E0005,Canon Headphones,Electronics,,735.0528055225155,,,,,,,,,,,Canon,,,,,2023.0,,,,,,
G0122,Fruits Item 122,Groceries,,4.628068677705052,,,,,,Fruits,ml,12.0,False,98.0,,,,,,,,,,,,
E0069,Lenovo Camera,Electronics,,186.7326164545291,,,,,,,,,,,Lenovo,,,,,2020.0,,,,,48.0,
E0052,Samsung Gaming Console,Electronics,,949.4055332322083,,,,,,,,,,,Samsung,,,,,2023.0,,,,,,
E0121,Samsung Camera,Electronics,,733.47391210231,,,,,,,,,,,Samsung,,,,,2020.0,,,,,108.0,
M0032,Medicine 32,Medicines,Injection,44.25138913473336,826 mg,Heart Health,True,Drowsiness,2027-01-29,,,,,,,,,,,,,,,,,
G0018,Meat Item 18,Groceries,,46.57837730648281,,,,,,Meat,kg,1.0,False,175.0,,,,,,,,,,,,
F0033,Accessories Item 33,Fashion,,396.82177515564365,,,,,,Accessories,,,,,Levi's,XXL,Yellow,Cotton,Women,,,,,,,
G0084,Vegetables Item 84,Groceries,,8.428158665204869,,,,,,Vegetables,ml,1.0,True,181.0,,,,,,,,,,,,
M0108,Medicine 108,Medicines,Tablet,62.17163972481749,381 mg,Fever,False,Headache,2026-09-16,,,,,,,,,,,,,,,,,
F0076,Shoes Item 76,Fashion,,320.2056002147614,,,,,,Shoes,,,,,Gucci,XL,Green,Silk,Women,,,,,,,
F0074,Accessories Item 74,Fashion,,369.17177361789317,,,,,,Accessories,,,,,Under Armour,S,Blue,Silk,Unisex,,,,,,,
M0101,Medicine 101,Medicines,Cream,71.7002081408103,953 mg,Allergy,False,Headache,2025-09-13,,,,,,,,,,,,,,,,,
F0050,Shoes Item 50,Fashion,,191.04614767537635,,,,,,Shoes,,,,,Zara,M,Blue,Leather,Unisex,,,,,,,
G0066,Bakery Item 66,Groceries,,12.20516220057683,,,,,,Bakery,ml,12.0,True,216.0,,,,,,,,,,,,
E0004,Sony TV,Electronics,,1046.6857963005618,,,,,,,,,,,Sony,,,,,2023.0,6.7,,,,,
M0096,Medicine 96,Medicines,Syrup,84.079632423974,435 mg,Allergy,True,Nausea,2026-09-09,,,,,,,,,,,,,,,,,
F0018,Shirts Item 18,Fashion,,190.53997075912366,,,,,,Shirts,,,,,H&M,XXL,White,Cotton,Women,,,,,,,
F0111,Shirts Item 111,Fashion,,140.03135468496797,,,,,,Shirts,,,,,Levi's,XS,Purple,Silk,Men,,,,,,,
G0119,Vegetables Item 119,Groceries,,45.821824632868676,,,,,,Vegetables,g,1000.0,False,62.0,,,,,,,,,,,,
E0030,Samsung Laptop,Electronics,,1737.7751259681174,,,,,,,,,,,Samsung,,,,,2020.0,27.0,512.0,Exynos 2100,macOS,,2570.0
E0010,Samsung Tablet,Electronics,,414.0588108433316,,,,,,,,,,,Samsung,,,,,2020.0,5.5,1024.0,Exynos 2100,iOS,24.0,3900.0
E0039,Lenovo Tablet,Electronics,,1938.7361664964387,,,,,,,,,,,Lenovo,,,,,2020.0,43.0,512.0,Intel i5,Android,12.0,2574.0
E0048,Samsung Laptop,Electronics,,698.3472183646385,,,,,,,,,,,Samsung,,,,,2021.0,27.0,64.0,Intel i7,macOS,,4048.0
E0070,Apple Laptop,Electronics,,955.8840731498548,,,,,,,,,,,Apple,,,,,2022.0,5.5,256.0,Exynos 2100,Windows,,3455.0
M0114,Medicine 114,Medicines,Syrup,80.18392629816267,268 mg,Heart Health,False,Headache,2026-10-06,,,,,,,,,,,,,,,,,
F0071,Shoes Item 71,Fashion,,123.68890835131725,,,,,,Shoes,,,,,Gucci,XXL,Purple,Polyester,Men,,,,,,,
F0055,Shoes Item 55,Fashion,,180.01170326993363,,,,,,Shoes,,,,,Nike,XXL,White,Polyester,Men,,,,,,,
M0111,Medicine 111,Medicines,Cream,29.154816987262134,292 mg,Fever,False,Drowsiness,2025-11-24,,,,,,,,,,,,,,,,,
E0034,Sony Tablet,Electronics,,300.4000299175981,,,,,,,,,,,Sony,,,,,2021.0,27.0,64.0,Intel i5,Android,24.0,4756.0
F0101,Dresses Item 101,Fashion,,249.80234332922848,,,,,,Dresses,,,,,Gucci,XS,Purple,Denim,Women,,,,,,,
E0042,LG Smartphone,Electronics,,1466.7718825014013,,,,,,,,,,,LG,,,,,2019.0,55.0,1024.0,Intel i5,iOS,48.0,2264.0
G0004,Beverages Item 4,Groceries,,2.079319139967033,,,,,,Beverages,l,500.0,True,295.0,,,,,,,,,,,,
G0057,Dairy Item 57,Groceries,,33.2965744590068,,,,,,Dairy,ml,1.0,False,68.0,,,,,,,,,,,,
F0106,Dresses Item 106,Fashion,,250.47485328905663,,,,,,Dresses,,,,,H&M,XXL,Blue,Silk,Women,,,,,,,
F0058,Accessories Item 58,Fashion,,432.14171654117786,,,,,,Accessories,,,,,Zara,XXL,Black,Polyester,Unisex,,,,,,,
G0086,Fruits Item 86,Groceries,,29.93112340131197,,,,,,Fruits,kg,24.0,False,326.0,,,,,,,,,,,,
G0096,Fruits Item 96,Groceries,,30.47614008569138,,,,,,Fruits,kg,24.0,True,153.0,,,,,,,,,,,,
M0093,Medicine 93,Medicines,Cream,79.13304696031506,909 mg,Allergy,True,Drowsiness,2025-01-03,,,,,,,,,,,,,,,,,
F0110,Shoes Item 110,Fashion,,315.50413695445525,,,,,,Shoes,,,,,Gucci,S,Blue,Cotton,Men,,,,,,,
G0028,Snacks Item 28,Groceries,,37.191275448484205,,,,,,Snacks,ml,24.0,False,149.0,,,,,,,,,,,,
M0087,Medicine 87,Medicines,Injection,26.444133764717105,72 mg,Diabetes,True,Nausea,2026-07-13,,,,,,,,,,,,,,,,,
M0064,Medicine 64,Medicines,Syrup,59.891669773853046,189 mg,Diabetes,True,None,2025-08-27,,,,,,,,,,,,,,,,,
M0019,Medicine 19,Medicines,Injection,63.60968260152768,779 mg,Allergy,False,Drowsiness,2026-10-30,,,,,,,,,,,,,,,,,
G0112,Vegetables Item 112,Groceries,,34.02697603388084,,,,,,Vegetables,ml,24.0,True,113.0,,,,,,,,,,,,
G0116,Dairy Item 116,Groceries,,11.064669015423437,,,,,,Dairy,g,500.0,False,289.0,,,,,,,,,,,,
M0004,Medicine 4,Medicines,Tablet,13.454022911352933,816 mg,Pain Relief,True,None,2026-02-27,,,,,,,,,,,,,,,,,
E0019,Samsung Gaming Console,Electronics,,1491.6525904923706,,,,,,,,,,,Samsung,,,,,2020.0,,,,,,
G0027,Meat Item 27,Groceries,,2.7609950711561133,,,,,,Meat,pack,1.0,False,264.0,,,,,,,,,,,,
F0087,Shirts Item 87,Fashion,,108.27095914418058,,,,,,Shirts,,,,,Zara,XL,Blue,Cotton,Unisex,,,,,,,
F0009,Pants Item 9,Fashion,,222.45556838998104,,,,,,Pants,,,,,Zara,M,Black,Leather,Men,,,,,,,
F0081,Pants Item 81,Fashion,,231.92642443112928,,,,,,Pants,,,,,Under Armour,XXL,Yellow,Polyester,Women,,,,,,,
G0017,Bakery Item 17,Groceries,,5.375186701753074,,,,,,Bakery,l,6.0,True,218.0,,,,,,,,,,,,
E0075,Lenovo TV,Electronics,,1870.332066922351,,,,,,,,,,,Lenovo,,,,,2018.0,32.0,,,,,
E0038,Canon Laptop,Electronics,,1063.397097344338,,,,,,,,,,,Canon,,,,,2021.0,5.5,1024.0,Intel i7,macOS,,2612.0
M0022,Medicine 22,Medicines,Injection,7.588751135327436,897 mg,Diabetes,False,Drowsiness,2025-03-03,,,,,,,,,,,,,,,,,
M0095,Medicine 95,Medicines,Syrup,50.45665166018297,299 mg,Digestive Health,False,Headache,2026-01-26,,,,,,,,,,,,,,,,,
F0047,Shirts Item 47,Fashion,,425.48466304404076,,,,,,Shirts,,,,,H&M,L,Red,Cotton,Men,,,,,,,
E0058,Apple Smartphone,Electronics,,990.6591343825611,,,,,,,,,,,Apple,,,,,2018.0,65.0,1024.0,Intel i5,iOS,24.0,4381.0
M0036,Medicine 36,Medicines,Capsule,69.35661676668798,733 mg,Diabetes,False,Nausea,2025-05-04,,,,,,,,,,,,,,,,,
F0105,Shirts Item 105,Fashion,,334.21695721830264,,,,,,Shirts,,,,,Gucci,XXL,Purple,Denim,Men,,,,,,,
M0056,Medicine 56,Medicines,Injection,20.329899046896397,618 mg,Digestive Health,False,Drowsiness,2027-08-21,,,,,,,,,,,,,,,,,
E0117,Sony Laptop,Electronics,,1244.022272174081,,,,,,,,,,,Sony,,,,,2021.0,27.0,1024.0,Intel i5,macOS,,4558.0
G0121,Bakery Item 121,Groceries,,37.156364256895706,,,,,,Bakery,kg,6.0,False,219.0,,,,,,,,,,,,
E0101,Sony TV,Electronics,,144.36898302355323,,,,,,,,,,,Sony,,,,,2020.0,13.3,,,,,
M0043,Medicine 43,Medicines,Capsule,16.436819984963456,233 mg,Pain Relief,True,Drowsiness,2025-03-17,,,,,,,,,,,,,,,,,
M0081,Medicine 81,Medicines,Syrup,61.378831356948766,991 mg,Heart Health,False,Headache,2027-08-14,,,,,,,,,,,,,,,,,
F0089,Accessories Item 89,Fashion,,204.0211784863264,,,,,,Accessories,,,,,Under Armour,XS,Blue,Silk,Unisex,,,,,,,
M0061,Medicine 61,Medicines,Injection,68.94375243656562,388 mg,Fever,False,Drowsiness,2026-08-12,,,,,,,,,,,,,,,,,
E0112,Lenovo Headphones,Electronics,,348.23945326457954,,,,,,,,,,,Lenovo,,,,,2020.0,,,,,,
F0046,Shirts Item 46,Fashion,,451.86927398765204,,,,,,Shirts,,,,,Adidas,S,Yellow,Denim,Unisex,,,,,,,
E0090,Dell Laptop,Electronics,,333.7062607351167,,,,,,,,,,,Dell,,,,,2018.0,43.0,64.0,Exynos 2100,macOS,,4324.0
E0021,Dell Camera,Electronics,,587.4071186440708,,,,,,,,,,,Dell,,,,,2020.0,,,,,16.0,
F0037,Shirts Item 37,Fashion,,437.01952647450156,,,,,,Shirts,,,,,Levi's,M,Blue,Polyester,Men,,,,,,,
F0086,Dresses Item 86,Fashion,,255.7720929597947,,,,,,Dresses,,,,,Under Armour,M,Purple,Leather,Men,,,,,,,
E0109,Samsung Camera,Electronics,,1028.9058804056576,,,,,,,,,,,Samsung,,,,,2020.0,,,,,64.0,
G0120,Meat Item 120,Groceries,,9.788869418598312,,,,,,Meat,g,250.0,False,325.0,,,,,,,,,,,,
M0073,Medicine 73,Medicines,Injection,71.63141212817055,283 mg,Pain Relief,False,Nausea,2024-11-24,,,,,,,,,,,,,,,,,
F0094,Shoes Item 94,Fashion,,158.21472429228402,,,,,,Shoes,,,,,Gucci,L,White,Polyester,Women,,,,,,,
E0050,Microsoft Tablet,Electronics,,509.5067507035305,,,,,,,,,,,Microsoft,,,,,2022.0,6.7,64.0,Snapdragon 888,iOS,108.0,4019.0
G0010,Snacks Item 10,Groceries,,7.5575897869849635,,,,,,Snacks,g,6.0,True,75.0,,,,,,,,,,,,
G0045,Bakery Item 45,Groceries,,32.584967562374835,,,,,,Bakery,g,1000.0,False,278.0,,,,,,,,,,,,
F0114,Pants Item 114,Fashion,,220.69275491931927,,,,,,Pants,,,,,Levi's,XS,Yellow,Silk,Women,,,,,,,
F0053,Pants Item 53,Fashion,,265.32586334911,,,,,,Pants,,,,,Gucci,XXL,Purple,Polyester,Men,,,,,,,
E0088,Samsung Camera,Electronics,,1106.9838935601956,,,,,,,,,,,Samsung,,,,,2020.0,,,,,108.0,
M0029,Medicine 29,Medicines,Injection,58.407937051129885,526 mg,Heart Health,True,Drowsiness,2026-05-22,,,,,,,,,,,,,,,,,
E0103,Dell Laptop,Electronics,,1000.6122141179961,,,,,,,,,,,Dell,,,,,2023.0,10.9,128.0,Intel i7,iOS,,4416.0
F0063,Accessories Item 63,Fashion,,412.6074871512679,,,,,,Accessories,,,,,Under Armour,XXL,Black,Polyester,Men,,,,,,,
G0100,Meat Item 100,Groceries,,14.429507877767358,,,,,,Meat,kg,12.0,True,73.0,,,,,,,,,,,,
M0059,Medicine 59,Medicines,Cream,28.419391035608385,886 mg,Digestive Health,False,Headache,2027-06-02,,,,,,,,,,,,,,,,,
M0120,Medicine 120,Medicines,Cream,91.02618960324561,364 mg,Cold & Flu,True,Headache,2026-06-15,,,,,,,,,,,,,,,,,
G0033,Beverages Item 33,Groceries,,45.397228398631896,,,,,,Beverages,kg,24.0,False,29.0,,,,,,,,,,,,
E0064,Microsoft Tablet,Electronics,,747.5498296007086,,,,,,,,,,,Microsoft,,,,,2021.0,15.6,1024.0,Intel i5,Android,48.0,2504.0
E0115,LG Laptop,Electronics,,642.9887554991534,,,,,,,,,,,LG,,,,,2018.0,32.0,256.0,Intel i5,macOS,,4808.0
M0006,Medicine 6,Medicines,Injection,30.930249499491346,375 mg,Heart Health,True,Nausea,2027-01-23,,,,,,,,,,,,,,,,,
M0068,Medicine 68,Medicines,Tablet,66.94884087875681,181 mg,Fever,True,Drowsiness,2026-04-27,,,,,,,,,,,,,,,,,
E0065,Sony Camera,Electronics,,551.1235899121319,,,,,,,,,,,Sony,,,,,2021.0,,,,,48.0,
M0119,Medicine 119,Medicines,Injection,7.290468373823348,172 mg,Heart Health,False,Nausea,2026-01-08,,,,,,,,,,,,,,,,,
M0049,Medicine 49,Medicines,Tablet,5.920253860391935,483 mg,Digestive Health,True,Nausea,2025-08-01,,,,,,,,,,,,,,,,,
F0032,Accessories Item 32,Fashion,,198.5537724383406,,,,,,Accessories,,,,,Levi's,XL,Red,Silk,Women,,,,,,,
M0109,Medicine 109,Medicines,Tablet,20.441108809527247,188 mg,Fever,False,Headache,2026-01-13,,,,,,,,,,,,,,,,,
M0007,Medicine 7,Medicines,Syrup,28.432568501513618,510 mg,Heart Health,False,None,2027-05-17,,,,,,,,,,,,,,,,,
G0111,Snacks Item 111,Groceries,,42.68333276963747,,,,,,Snacks,l,500.0,True,179.0,,,,,,,,,,,,
F0078,Dresses Item 78,Fashion,,418.0876319158471,,,,,,Dresses,,,,,Zara,M,Purple,Polyester,Unisex,,,,,,,
E0046,Microsoft Laptop,Electronics,,927.4603633565027,,,,,,,,,,,Microsoft,,,,,2023.0,5.5,1024.0,Intel i7,Windows,,4909.0
G0048,Dairy Item 48,Groceries,,40.745064726740075,,,,,,Dairy,pack,1000.0,False,351.0,,,,,,,,,,,,
F0123,Pants Item 123,Fashion,,19.386187920113922,,,,,,Pants,,,,,Levi's,M,Yellow,Cotton,Men,,,,,,,
M0104,Medicine 104,Medicines,Syrup,67.51971071536674,273 mg,Cold & Flu,False,Drowsiness,2026-03-27,,,,,,,,,,,,,,,,,
G0025,Meat Item 25,Groceries,,21.374077533685057,,,,,,Meat,pack,6.0,False,137.0,,,,,,,,,,,,
F0060,Pants Item 60,Fashion,,400.1583107652706,,,,,,Pants,,,,,Levi's,XXL,Yellow,Cotton,Unisex,,,,,,,
M0105,Medicine 105,Medicines,Cream,87.90223185672527,622 mg,Pain Relief,True,Drowsiness,2026-04-03,,,,,,,,,,,,,,,,,
M0028,Medicine 28,Medicines,Cream,34.62120301079802,390 mg,Heart Health,True,Headache,2025-04-07,,,,,,,,,,,,,,,,,
M0098,Medicine 98,Medicines,Injection,34.23823600284916,938 mg,Allergy,True,None,2025-10-06,,,,,,,,,,,,,,,,,
M0121,Medicine 121,Medicines,Syrup,60.8600440258147,881 mg,Fever,True,Drowsiness,2025-11-30,,,,,,,,,,,,,,,,,
E0080,Dell Camera,Electronics,,590.5291829632215,,,,,,,,,,,Dell,,,,,2022.0,,,,,12.0,
G0043,Bakery Item 43,Groceries,,37.624775923238005,,,,,,Bakery,pack,500.0,False,218.0,,,,,,,,,,,,
G0002,Beverages Item 2,Groceries,,8.114629131348353,,,,,,Beverages,ml,6.0,True,184.0,,,,,,,,,,,,
E0098,LG Laptop,Electronics,,1202.420885691556,,,,,,,,,,,LG,,,,,2023.0,5.5,512.0,A14,iOS,,3457.0
E0099,Canon Camera,Electronics,,1957.1590241816991,,,,,,,,,,,Canon,,,,,2020.0,,,,,24.0,
E0037,Sony Gaming Console,Electronics,,789.8913996046198,,,,,,,,,,,Sony,,,,,2020.0,,,,,,
G0052,Fruits Item 52,Groceries,,3.1836273489852784,,,,,,Fruits,l,1.0,False,226.0,,,,,,,,,,,,
G0001,Vegetables Item 1,Groceries,,25.530589135450473,,,,,,Vegetables,kg,6.0,False,144.0,,,,,,,,,,,,
F0003,Shirts Item 3,Fashion,,142.83716434439222,,,,,,Shirts,,,,,Zara,L,Blue,Silk,Men,,,,,,,
G0055,Beverages Item 55,Groceries,,9.121739211187641,,,,,,Beverages,l,100.0,False,235.0,,,,,,,,,,,,
E0028,Lenovo Headphones,Electronics,,1709.1455833682637,,,,,,,,,,,Lenovo,,,,,2019.0,,,,,,
F0039,Accessories Item 39,Fashion,,66.54337466766951,,,,,,Accessories,,,,,Under Armour,XS,White,Silk,Men,,,,,,,
G0062,Vegetables Item 62,Groceries,,38.1082001495875,,,,,,Vegetables,g,100.0,False,8.0,,,,,,,,,,,,
F0098,Pants Item 98,Fashion,,360.4413628423182,,,,,,Pants,,,,,Nike,XL,Blue,Cotton,Women,,,,,,,
M0048,Medicine 48,Medicines,Capsule,93.01406080583756,810 mg,Fever,False,Drowsiness,2027-01-05,,,,,,,,,,,,,,,,,
M0025,Medicine 25,Medicines,Cream,13.045392478154149,849 mg,Heart Health,True,Headache,2025-11-13,,,,,,,,,,,,,,,,,
M0031,Medicine 31,Medicines,Injection,82.39374544744898,317 mg,Digestive Health,True,Headache,2025-11-02,,,,,,,,,,,,,,,,,
F0025,Dresses Item 25,Fashion,,414.9791641959236,,,,,,Dresses,,,,,Gucci,M,Green,Denim,Men,,,,,,,
G0026,Fruits Item 26,Groceries,,36.79432168698072,,,,,,Fruits,l,250.0,True,100.0,,,,,,,,,,,,
G0089,Bakery Item 89,Groceries,,16.194142378795,,,,,,Bakery,ml,12.0,True,239.0,,,,,,,,,,,,
F0125,Dresses Item 125,Fashion,,140.09323964024543,,,,,,Dresses,,,,,Under Armour,XS,Yellow,Leather,Women,,,,,,,
E0051,Apple Tablet,Electronics,,1555.523075417075,,,,,,,,,,,Apple,,,,,2020.0,6.1,256.0,A14,Android,24.0,4266.0
G0068,Beverages Item 68,Groceries,,13.044564526001498,,,,,,Beverages,pack,100.0,True,364.0,,,,,,,,,,,,
G0108,Beverages Item 108,Groceries,,47.67088871770449,,,,,,Beverages,l,1000.0,True,43.0,,,,,,,,,,,,
G0091,Beverages Item 91,Groceries,,35.91844532182713,,,,,,Beverages,pack,12.0,True,206.0,,,,,,,,,,,,
M0107,Medicine 107,Medicines,Capsule,74.39678536081844,849 mg,Fever,True,Drowsiness,2026-08-24,,,,,,,,,,,,,,,,,
F0124,Dresses Item 124,Fashion,,179.09103530148454,,,,,,Dresses,,,,,Zara,XS,White,Leather,Women,,,,,,,
E0014,Canon Smartphone,Electronics,,1486.0656344395538,,,,,,,,,,,Canon,,,,,2023.0,43.0,512.0,Intel i7,macOS,12.0,3619.0
G0113,Bakery Item 113,Groceries,,16.03205337658492,,,,,,Bakery,pack,12.0,False,97.0,,,,,,,,,,,,
E0026,Samsung Camera,Electronics,,867.5579650204417,,,,,,,,,,,Samsung,,,,,2020.0,,,,,12.0,
F0059,Shirts Item 59,Fashion,,351.11651111758334,,,,,,Shirts,,,,,Adidas,L,Green,Polyester,Unisex,,,,,,,
M0125,Medicine 125,Medicines,Cream,6.17239937573553,387 mg,Cold & Flu,False,Drowsiness,2027-07-15,,,,,,,,,,,,,,,,,
M0118,Medicine 118,Medicines,Injection,82.36674403053233,161 mg,Cold & Flu,False,Nausea,2026-12-22,,,,,,,,,,,,,,,,,
G0078,Dairy Item 78,Groceries,,21.947589735077475,,,,,,Dairy,l,24.0,False,109.0,,,,,,,,,,,,
M0072,Medicine 72,Medicines,Tablet,64.40636614567312,361 mg,Heart Health,False,Drowsiness,2025-05-16,,,,,,,,,,,,,,,,,
M0051,Medicine 51,Medicines,Capsule,10.879141659645148,923 mg,Cold & Flu,True,Drowsiness,2026-10-16,,,,,,,,,,,,,,,,,
E0114,Lenovo Smartphone,Electronics,,382.7123418697197,,,,,,,,,,,Lenovo,,,,,2020.0,55.0,512.0,Intel i7,macOS,108.0,2694.0
E0076,Apple Camera,Electronics,,1272.4263806238225,,,,,,,,,,,Apple,,,,,2022.0,,,,,24.0,
M0057,Medicine 57,Medicines,Cream,19.17869962544002,838 mg,Diabetes,False,Nausea,2025-06-24,,,,,,,,,,,,,,,,,
M0112,Medicine 112,Medicines,Capsule,21.348173082999512,413 mg,Cold & Flu,True,Headache,2027-10-03,,,,,,,,,,,,,,,,,
F0120,Shirts Item 120,Fashion,,102.67815901126247,,,,,,Shirts,,,,,Nike,M,Yellow,Denim,Men,,,,,,,
F0051,Dresses Item 51,Fashion,,334.2253013159297,,,,,,Dresses,,,,,Adidas,XS,Red,Denim,Unisex,,,,,,,
E0066,Lenovo Tablet,Electronics,,1594.8256367934302,,,,,,,,,,,Lenovo,,,,,2020.0,15.6,512.0,M1,macOS,16.0,4394.0
M0090,Medicine 90,Medicines,Tablet,51.4583986542239,852 mg,Heart Health,False,Nausea,2027-06-17,,,,,,,,,,,,,,,,,
F0117,Shoes Item 117,Fashion,,70.46639945074224,,,,,,Shoes,,,,,Under Armour,L,Yellow,Cotton,Men,,,,,,,
F0088,Shirts Item 88,Fashion,,425.22008597997313,,,,,,Shirts,,,,,Under Armour,XXL,Yellow,Denim,Unisex,,,,,,,
E0118,Canon Smartphone,Electronics,,1722.527737215302,,,,,,,,,,,Canon,,,,,2018.0,5.5,64.0,A14,macOS,24.0,3346.0
G0023,Fruits Item 23,Groceries,,23.427280652805404,,,,,,Fruits,l,6.0,False,227.0,,,,,,,,,,,,
M0066,Medicine 66,Medicines,Cream,45.81417207020019,88 mg,Pain Relief,True,Nausea,2024-11-16,,,,,,,,,,,,,,,,,
G0072,Dairy Item 72,Groceries,,47.595501130624875,,,,,,Dairy,l,12.0,False,206.0,,,,,,,,,,,,
F0019,Dresses Item 19,Fashion,,211.5563385845805,,,,,,Dresses,,,,,Gucci,S,Green,Leather,Women,,,,,,,
E0094,Microsoft Tablet,Electronics,,918.8719189752628,,,,,,,,,,,Microsoft,,,,,2020.0,55.0,256.0,A14,Android,48.0,3403.0
F0030,Accessories Item 30,Fashion,,443.34450804125595,,,,,,Accessories,,,,,Adidas,L,Purple,Leather,Women,,,,,,,
M0124,Medicine 124,Medicines,Cream,62.41413537290325,554 mg,Digestive Health,False,Headache,2027-04-21,,,,,,,,,,,,,,,,,
M0116,Medicine 116,Medicines,Injection,8.827124283909853,598 mg,Cold & Flu,True,Nausea,2024-12-15,,,,,,,,,,,,,,,,,
M0035,Medicine 35,Medicines,Injection,92.05995173054629,125 mg,Pain Relief,False,Nausea,2026-09-01,,,,,,,,,,,,,,,,,
F0073,Accessories Item 73,Fashion,,207.14412806629306,,,,,,Accessories,,,,,Gucci,M,Red,Denim,Men,,,,,,,
G0124,Beverages Item 124,Groceries,,30.57822282740938,,,,,,Beverages,g,500.0,True,157.0,,,,,,,,,,,,
F0052,Shoes Item 52,Fashion,,388.6766909122653,,,,,,Shoes,,,,,Adidas,XS,Black,Cotton,Women,,,,,,,
E0068,Lenovo Headphones,Electronics,,583.3440035995093,,,,,,,,,,,Lenovo,,,,,2018.0,,,,,,
G0095,Beverages Item 95,Groceries,,14.173490380189325,,,,,,Beverages,kg,1000.0,False,214.0,,,,,,,,,,,,
G0107,Dairy Item 107,Groceries,,25.734984316921878,,,,,,Dairy,pack,12.0,False,13.0,,,,,,,,,,,,
G0012,Vegetables Item 12,Groceries,,3.295743517852553,,,,,,Vegetables,pack,1000.0,False,294.0,,,,,,,,,,,,
M0122,Medicine 122,Medicines,Capsule,79.51851995521574,185 mg,Digestive Health,True,Drowsiness,2025-06-24,,,,,,,,,,,,,,,,,
G0035,Fruits Item 35,Groceries,,23.29102558587177,,,,,,Fruits,ml,1000.0,True,104.0,,,,,,,,,,,,
G0030,Meat Item 30,Groceries,,41.34216206121518,,,,,,Meat,kg,250.0,False,53.0,,,,,,,,,,,,
E0056,Sony Laptop,Electronics,,1629.3228759987335,,,,,,,,,,,Sony,,,,,2021.0,27.0,64.0,Intel i5,macOS,,3398.0
M0110,Medicine 110,Medicines,Capsule,25.41707048173832,71 mg,Heart Health,False,Headache,2025-08-30,,,,,,,,,,,,,,,,,
E0092,Microsoft Gaming Console,Electronics,,681.9956476786041,,,,,,,,,,,Microsoft,,,,,2019.0,,,,,,
F0069,Dresses Item 69,Fashion,,289.8695263249569,,,,,,Dresses,,,,,Zara,XL,White,Cotton,Unisex,,,,,,,
F0065,Dresses Item 65,Fashion,,283.09521309077394,,,,,,Dresses,,,,,Under Armour,XXL,Blue,Cotton,Women,,,,,,,
G0021,Fruits Item 21,Groceries,,24.294923784653612,,,,,,Fruits,pack,12.0,False,293.0,,,,,,,,,,,,
F0034,Shirts Item 34,Fashion,,91.21660671295814,,,,,,Shirts,,,,,Levi's,S,Green,Polyester,Women,,,,,,,
M0074,Medicine 74,Medicines,Tablet,49.207008724251175,201 mg,Fever,False,Headache,2027-01-09,,,,,,,,,,,,,,,,,
E0043,Lenovo Tablet,Electronics,,1127.5081344725343,,,,,,,,,,,Lenovo,,,,,2020.0,43.0,256.0,M1,Windows,48.0,3899.0
G0016,Snacks Item 16,Groceries,,22.257053559249947,,,,,,Snacks,l,1.0,False,112.0,,,,,,,,,,,,
G0065,Beverages Item 65,Groceries,,1.5930527220292638,,,,,,Beverages,ml,6.0,False,101.0,,,,,,,,,,,,
E0018,LG Camera,Electronics,,698.8600900849821,,,,,,,,,,,LG,,,,,2020.0,,,,,108.0,
E0025,Apple Gaming Console,Electronics,,1094.4427316112963,,,,,,,,,,,Apple,,,,,2022.0,,,,,,
M0052,Medicine 52,Medicines,Injection,45.481517605461924,766 mg,Cold & Flu,True,Drowsiness,2026-02-20,,,,,,,,,,,,,,,,,
G0009,Snacks Item 9,Groceries,,8.000922105631174,,,,,,Snacks,ml,500.0,False,12.0,,,,,,,,,,,,
G0046,Fruits Item 46,Groceries,,12.043682132331526,,,,,,Fruits,kg,24.0,True,362.0,,,,,,,,,,,,
F0029,Shirts Item 29,Fashion,,281.1518829773882,,,,,,Shirts,,,,,Levi's,M,Purple,Cotton,Women,,,,,,,
M0002,Medicine 2,Medicines,Syrup,37.27817301839016,269 mg,Allergy,False,Headache,2026-10-13,,,,,,,,,,,,,,,,,
M0045,Medicine 45,Medicines,Tablet,80.73505189498246,490 mg,Pain Relief,False,Nausea,2025-11-22,,,,,,,,,,,,,,,,,
M0092,Medicine 92,Medicines,Cream,29.39063214942701,679 mg,Allergy,True,Nausea,2027-07-27,,,,,,,,,,,,,,,,,
M0099,Medicine 99,Medicines,Syrup,17.890390190266533,943 mg,Diabetes,True,None,2026-08-26,,,,,,,,,,,,,,,,,
F0118,Shoes Item 118,Fashion,,421.19839354034633,,,,,,Shoes,,,,,Nike,XS,Black,Leather,Unisex,,,,,,,
G0029,Bakery Item 29,Groceries,,44.620535129172545,,,,,,Bakery,kg,24.0,True,227.0,,,,,,,,,,,,
G0063,Beverages Item 63,Groceries,,13.119675475135084,,,,,,Beverages,ml,1.0,True,39.0,,,,,,,,,,,,
F0095,Shoes Item 95,Fashion,,390.6336327485451,,,,,,Shoes,,,,,Under Armour,XXL,Purple,Polyester,Unisex,,,,,,,
E0012,Dell TV,Electronics,,1699.6737769044364,,,,,,,,,,,Dell,,,,,2022.0,10.9,,,,,
F0056,Dresses Item 56,Fashion,,330.5250411436581,,,,,,Dresses,,,,,Gucci,L,Blue,Silk,Men,,,,,,,
F0119,Pants Item 119,Fashion,,174.6434589051533,,,,,,Pants,,,,,Nike,L,Red,Silk,Women,,,,,,,
M0065,Medicine 65,Medicines,Capsule,46.26434232341568,138 mg,Fever,False,Nausea,2025-04-05,,,,,,,,,,,,,,,,,
G0075,Vegetables Item 75,Groceries,,48.744239695283625,,,,,,Vegetables,pack,500.0,False,315.0,,,,,,,,,,,,
E0110,Sony Smartphone,Electronics,,1772.5980480829612,,,,,,,,,,,Sony,,,,,2023.0,43.0,128.0,Intel i5,iOS,64.0,4567.0
G0083,Snacks Item 83,Groceries,,41.955470467615285,,,,,,Snacks,l,100.0,False,24.0,,,,,,,,,,,,
F0016,Accessories Item 16,Fashion,,204.7495968805549,,,,,,Accessories,,,,,Levi's,XXL,Red,Leather,Women,,,,,,,
E0001,LG Headphones,Electronics,,444.5066318584599,,,,,,,,,,,LG,,,,,2022.0,,,,,,
M0053,Medicine 53,Medicines,Injection,82.6440046602575,837 mg,Fever,False,Drowsiness,2026-08-04,,,,,,,,,,,,,,,,,
E0113,Dell Gaming Console,Electronics,,1609.0002588438704,,,,,,,,,,,Dell,,,,,2021.0,,,,,,
M0033,Medicine 33,Medicines,Syrup,7.769742672098455,912 mg,Heart Health,False,Nausea,2025-07-07,,,,,,,,,,,,,,,,,
F0028,Pants Item 28,Fashion,,257.76073517675985,,,,,,Pants,,,,,Nike,XS,Red,Silk,Men,,,,,,,
M0050,Medicine 50,Medicines,Tablet,79.80033602418094,431 mg,Diabetes,False,Headache,2027-08-08,,,,,,,,,,,,,,,,,
G0101,Meat Item 101,Groceries,,48.94774795106789,,,,,,Meat,ml,12.0,True,63.0,,,,,,,,,,,,
E0102,Dell Headphones,Electronics,,1687.4124491264224,,,,,,,,,,,Dell,,,,,2022.0,,,,,,
M0097,Medicine 97,Medicines,Capsule,82.90641269528669,806 mg,Fever,True,Drowsiness,2027-05-03,,,,,,,,,,,,,,,,,
E0015,LG Smartphone,Electronics,,125.46499022111466,,,,,,,,,,,LG,,,,,2021.0,55.0,512.0,Intel i5,Windows,48.0,2269.0
F0077,Shoes Item 77,Fashion,,404.162889241962,,,,,,Shoes,,,,,Levi's,L,Yellow,Cotton,Women,,,,,,,
M0103,Medicine 103,Medicines,Tablet,40.89472530408273,54 mg,Digestive Health,True,Drowsiness,2027-01-03,,,,,,,,,,,,,,,,,
F0084,Accessories Item 84,Fashion,,145.7361369197296,,,,,,Accessories,,,,,Nike,L,Yellow,Polyester,Unisex,,,,,,,
F0066,Dresses Item 66,Fashion,,451.47083888832924,,,,,,Dresses,,,,,Under Armour,XL,Yellow,Polyester,Women,,,,,,,
E0009,Lenovo Tablet,Electronics,,1983.140220460477,,,,,,,,,,,Lenovo,,,,,2021.0,65.0,64.0,M1,macOS,64.0,3528.0
G0070,Snacks Item 70,Groceries,,47.78750265888494,,,,,,Snacks,l,1.0,False,89.0,,,,,,,,,,,,
F0083,Dresses Item 83,Fashion,,249.36286000335363,,,,,,Dresses,,,,,H&M,XXL,White,Silk,Women,,,,,,,
E0016,Lenovo Laptop,Electronics,,914.8850698359734,,,,,,,,,,,Lenovo,,,,,2018.0,15.6,512.0,A14,iOS,,3251.0
F0093,Accessories Item 93,Fashion,,20.055199217369353,,,,,,Accessories,,,,,Levi's,S,Purple,Denim,Men,,,,,,,
G0011,Fruits Item 11,Groceries,,20.719885234249777,,,,,,Fruits,ml,1.0,True,241.0,,,,,,,,,,,,
E0045,Apple Laptop,Electronics,,555.760814236295,,,,,,,,,,,Apple,,,,,2021.0,6.1,64.0,Intel i5,Windows,,2337.0
M0076,Medicine 76,Medicines,Capsule,68.06332511100888,78 mg,Fever,True,Headache,2026-07-18,,,,,,,,,,,,,,,,,
E0085,Microsoft Camera,Electronics,,1328.2551712367533,,,,,,,,,,,Microsoft,,,,,2020.0,,,,,24.0,
G0054,Beverages Item 54,Groceries,,27.796122407781183,,,,,,Beverages,g,250.0,True,223.0,,,,,,,,,,,,
M0013,Medicine 13,Medicines,Cream,51.81786053061834,250 mg,Heart Health,False,Headache,2027-09-27,,,,,,,,,,,,,,,,,
G0050,Beverages Item 50,Groceries,,27.401837442941332,,,,,,Beverages,ml,500.0,True,174.0,,,,,,,,,,,,
F0090,Dresses Item 90,Fashion,,44.80709563156104,,,,,,Dresses,,,,,Adidas,L,Blue,Polyester,Unisex,,,,,,,
E0122,Sony Smartphone,Electronics,,1995.8596257957586,,,,,,,,,,,Sony,,,,,2019.0,5.5,256.0,A14,macOS,12.0,3572.0
E0008,Apple Headphones,Electronics,,900.3713012587368,,,,,,,,,,,Apple,,,,,2021.0,,,,,,
M0017,Medicine 17,Medicines,Syrup,81.09316653831966,5 mg,Fever,True,Drowsiness,2026-05-15,,,,,,,,,,,,,,,,,
E0067,Microsoft Gaming Console,Electronics,,1061.9055130408854,,,,,,,,,,,Microsoft,,,,,2023.0,,,,,,
G0022,Vegetables Item 22,Groceries,,18.642472829147938,,,,,,Vegetables,kg,1000.0,True,28.0,,,,,,,,,,,,
F0099,Accessories Item 99,Fashion,,291.4009117942034,,,,,,Accessories,,,,,Nike,M,Black,Cotton,Unisex,,,,,,,
E0077,Bose TV,Electronics,,1192.081153102389,,,,,,,,,,,Bose,,,,,2022.0,65.0,,,,,
F0044,Shirts Item 44,Fashion,,72.41934384016625,,,,,,Shirts,,,,,Zara,XXL,Red,Silk,Unisex,,,,,,,
E0111,Dell Tablet,Electronics,,1003.5374712249707,,,,,,,,,,,Dell,,,,,2021.0,15.6,256.0,Intel i5,iOS,16.0,2266.0
M0021,Medicine 21,Medicines,Tablet,8.018956013945822,698 mg,Digestive Health,False,Nausea,2026-05-09,,,,,,,,,,,,,,,,,
E0006,Lenovo Laptop,Electronics,,498.6997902271779,,,,,,,,,,,Lenovo,,,,,2021.0,6.7,1024.0,Intel i7,Android,,2182.0
E0035,Canon TV,Electronics,,454.77426196877883,,,,,,,,,,,Canon,,,,,2021.0,43.0,,,,,
